{
    "test": {
        "combined": {
            "accuracy": [
                0.0,
                0.0,
                0.0,
                0.0,
                0.0,
                0.0,
                0.0,
                0.0
            ],
            "loss": [
                5.184925197313668,
                4.294307463061079,
                4.072154554788048,
                3.857658438993777,
                3.713950450549009,
                3.5487243338012338,
                3.460741763639752,
                3.3299767950147094
            ]
        },
        "hindi_sentence": {
            "accuracy": [
                0.0,
                0.0,
                0.0,
                0.0,
                3.929427482415812e-05,
                3.929427482415812e-05,
                0.00023576564894494873,
                3.929427482415812e-05
            ],
            "edit_distance": [
                8.195136495693113,
                0.8596289818439321,
                0.956053915499348,
                1.0565944255894961,
                1.0508575207114692,
                1.026124576336415,
                0.837792866674733,
                0.9920619524618072
            ],
            "last_accuracy": [
                0.02400880191756061,
                0.023930213367912297,
                0.209988604660301,
                0.3650438131164289,
                0.3586781405949153,
                0.37636056426578646,
                0.3110927737828598,
                0.40728515855239894
            ],
            "loss": [
                5.184925197313668,
                4.294307463061079,
                4.072154554788048,
                3.857658438993777,
                3.713950450549009,
                3.5487243338012338,
                3.460741763639752,
                3.3299767950147094
            ],
            "perplexity": [
                5.184925197313668,
                4.294307463061079,
                4.072154554788048,
                3.857658438993777,
                3.713950450549009,
                3.5487243338012338,
                3.460741763639752,
                3.3299767950147094
            ],
            "token_accuracy": [
                0.04444193924095892,
                0.06810277085882081,
                0.048881263583131766,
                0.06970639756334125,
                0.06946825499532387,
                0.06653983518132855,
                0.06743904017204967,
                0.06756778391330276
            ]
        }
    },
    "training": {
        "combined": {
            "accuracy": [
                0.0,
                0.0,
                0.0,
                0.0,
                0.0,
                0.0,
                0.0,
                0.0
            ],
            "loss": [
                5.176732553079194,
                4.281165174172442,
                4.053654207946226,
                3.834245372979863,
                3.6821068466901794,
                3.5076834979063336,
                3.41080393407006,
                3.2689569121410686
            ]
        },
        "hindi_sentence": {
            "accuracy": [
                0.0,
                0.0,
                0.0,
                1.1179554830126664e-05,
                2.2359109660253328e-05,
                4.4718219320506656e-05,
                0.00019005243211215329,
                0.00011179554830126665
            ],
            "edit_distance": [
                8.134616140077245,
                0.8581574046619382,
                0.9507643163759265,
                1.0465970186871663,
                1.041198702492569,
                1.0122494973867573,
                0.8259804212000453,
                0.9757996242609212
            ],
            "last_accuracy": [
                0.024785073058390814,
                0.024785073058390814,
                0.20956075529072432,
                0.3754877080794643,
                0.36542610873235026,
                0.38373821954409776,
                0.3170521749823922,
                0.41987054075506713
            ],
            "loss": [
                5.176732553079194,
                4.281165174172442,
                4.053654207946226,
                3.834245372979863,
                3.6821068466901794,
                3.5076834979063336,
                3.41080393407006,
                3.2689569121410686
            ],
            "perplexity": [
                5.176732553079194,
                4.281165174172442,
                4.053654207946226,
                3.834245372979863,
                3.6821068466901794,
                3.5076834979063336,
                3.41080393407006,
                3.2689569121410686
            ],
            "token_accuracy": [
                0.04403994651174699,
                0.0681895866450935,
                0.04931451406428529,
                0.06985632353855366,
                0.07064557192354211,
                0.06747402915551934,
                0.06882162778653146,
                0.06984971025306776
            ]
        }
    },
    "validation": {
        "combined": {
            "accuracy": [
                0.0,
                0.0,
                0.0,
                0.0,
                0.0,
                0.0,
                0.0,
                0.0
            ],
            "loss": [
                5.1807307838333685,
                4.2872373271920825,
                4.063527063340786,
                3.849035132343083,
                3.705704341669013,
                3.5397803390398477,
                3.4537776425048192,
                3.324721759361215
            ]
        },
        "hindi_sentence": {
            "accuracy": [
                0.0,
                0.0,
                0.0,
                0.0,
                0.0,
                0.0,
                0.0,
                0.0
            ],
            "edit_distance": [
                8.115760711374568,
                0.8589125709854859,
                0.9544215591410253,
                1.0521555090224455,
                1.0523217639687472,
                1.0191714813354886,
                0.8391554099549766,
                0.9853048406377786
            ],
            "last_accuracy": [
                0.025415060193563616,
                0.025415060193563616,
                0.2116610276182233,
                0.3702100873396805,
                0.35856479660083407,
                0.3762687858997561,
                0.30623967267290897,
                0.41372255881658665
            ],
            "loss": [
                5.1807307838333685,
                4.2872373271920825,
                4.063527063340786,
                3.849035132343083,
                3.705704341669013,
                3.5397803390398477,
                3.4537776425048192,
                3.324721759361215
            ],
            "perplexity": [
                5.1807307838333685,
                4.2872373271920825,
                4.063527063340786,
                3.849035132343083,
                3.705704341669013,
                3.5397803390398477,
                3.4537776425048192,
                3.324721759361215
            ],
            "token_accuracy": [
                0.04430608072899269,
                0.06834974546717795,
                0.04917627567040338,
                0.06968186737570647,
                0.06978608553906177,
                0.0666368264233128,
                0.06704969068583569,
                0.06761620993279265
            ]
        }
    }
}